Network,S,Sp,N,Np,Overall
variant_100,0.7558662807085028,0.3174175619271633,0.4333604506592583,0.2651793765039394,0.4204570946404074
variant_101,0.7100364469532039,0.2173049893208212,0.6794732075703385,0.36693654053695335,0.49426654857988045
variant_102,0.6610376318881919,0.3049518090719463,0.4627085603769818,0.2268574007918116,0.3779581941564814
variant_103,0.7657772985028757,0.22259595863174653,0.34009731538473353,0.1637534667180316,0.31825657929164736
variant_104,0.6043224227427686,0.1332586777582776,0.1935102610938002,0.08198542615884774,0.14311651944522202
variant_105,0.43917636137810234,0.7762943397857409,0.5194093539425011,0.6867107576421256,0.6579629051194389
variant_106,0.6148795665694848,0.16141768292917114,0.18588159449876418,0.09763718933462684,0.16020085884698537
variant_107,0.8241457967038954,0.4457128260431844,0.8473959692397428,0.508485621003631,0.7325845127051596
variant_108,0.6137972416143356,0.07768235275911017,0.38755775222950506,0.14788431794258816,0.22128206125559757
variant_109,0.8588757052326343,0.4479647850136992,0.8430213817556673,0.5623144361584296,0.7641790232321104
variant_10,0.7197135433603705,0.28724330765557404,0.5990421955824345,0.3144637974562463,0.474788354590384
variant_110,0.5800149171375679,0.27682535496615657,0.3503507344702146,0.21586390046596549,0.2929735667833209
variant_111,0.5994539326189212,0.3420449916671249,0.3983177024973519,0.31495032713168447,0.3776699970168093
variant_113,0.5678339689671787,0.6221919061264849,0.4130992033645948,0.4923576798476357,0.5387624213545479
variant_114,0.607879387769394,0.006349830971318582,0.11990974535296006,0.0,0.04115791073365682
variant_115,0.5848879488295822,0.29441229353284903,0.4337441864034748,0.22754061267646808,0.3359337104745708
variant_116,0.7379324654728592,0.25755616637398937,0.5269919722482301,0.24199157920648728,0.4177699462092936
variant_117,0.6610353092759951,0.19844934289649174,0.39599993860228055,0.19298665402517612,0.30226386095194285
variant_118,0.8163537138745269,0.7186602946999123,0.7653532671261254,0.5936076108147676,0.8306308578079706
variant_119,0.782256741657605,0.2994136339442477,0.5745138068120768,0.3316683149153379,0.4994209239539846
variant_11,0.6725423635596428,0.3125623199103096,0.5515510598781259,0.414254139397066,0.48591749320464434
variant_120,0.5773972616855758,0.19808475057484465,0.22623524536063533,0.1279883597257565,0.18574721414608147
variant_121,0.640636946443145,0.5935507684163532,0.7862131421817673,0.572604021209175,0.7206189458200205
variant_122,0.5317934948127245,0.18944524424920672,0.23079402600193433,0.1146864313653877,0.16272413409114173
variant_123,0.7871528300755415,0.6973873057991291,0.6721668790004447,0.5979035643319301,0.7796897889677592
variant_124,0.6531907344351637,0.1761677654973557,0.4627853075258255,0.2377473841654365,0.33202484635937984
variant_125,0.686255364501207,0.38137863063934496,0.45956192727440204,0.36244390481057254,0.463521786754756
variant_126,0.658341018528084,0.23610239942379962,0.411441464949577,0.19643376853412775,0.3219464073748614
variant_127,0.8334939302842272,0.24554348117072422,0.26046447374480053,0.18073024688223738,0.32849422344341556
variant_128,0.6980809216247366,0.22747027655476515,0.31705782130193905,0.1861441834833828,0.29505643355595207
variant_129,0.6338087522531808,0.3218988060035439,0.40189411963345556,0.2883154153252807,0.374435156103573
variant_12,0.7109021993883573,0.2658288373042179,0.5570308063055456,0.30736253453390194,0.44578820123071233
variant_130,0.47801079133015634,0.5395320759456492,0.44415109978664224,0.4795629845531484,0.48238911037350546
variant_131,0.8917457599686642,0.3311605419993562,0.5909530460943375,0.3326620776566571,0.5574183047756387
variant_132,0.7709144236440153,0.42330039529401375,0.9027306635558485,0.4846767219928543,0.716458299676241
variant_133,0.6676641181820102,0.4527685410023512,0.6845999171130788,0.48759590004548015,0.6108240114994439
variant_134,0.6141243600440944,0.17626767212229844,0.2527590600009213,0.13546228367609547,0.20362419814948463
variant_135,0.6942356136407,0.43684258607815174,0.5894181031174686,0.4288603813554168,0.5584546612131533
variant_136,0.6347772129901657,0.11355900975548394,0.19708667822990433,0.08850699414875551,0.15073884110430347
variant_138,0.9476019378364313,0.512689869215917,0.6856743771968867,0.43212116535037115,0.7151662236086802
variant_139,0.8151831209122022,0.30488880984377253,0.6637707409169749,0.32986711994669715,0.5454248486052697
variant_13,0.5912649368634391,0.2484929058830918,0.17524443966906667,0.16931232705228583,0.2057081387232787
variant_140,0.7252994188498789,0.3462266884463272,0.41569325699550275,0.3409434338343189,0.4410504263904295
variant_141,0.6915008091170094,0.295845811257351,0.4059003208030818,0.2397142062576303,0.3696994404914768
variant_142,0.7057404135211982,0.253941835978134,0.5929791708238041,0.2935016146315408,0.44762995396918
variant_143,0.6681513439348592,0.5446680571195568,0.4294156472087063,0.4483319200681426,0.5369655796786683
variant_144,0.6122925877855749,0.22348263489616826,0.3860228092526361,0.22299621847397688,0.30091982941298806
variant_145,0.6612772477745494,0.28246591609435256,0.5782897665351729,0.34896599763142877,0.4567080813862658
variant_146,0.8817017025234932,0.3230440020314518,0.8667516001780533,0.4368518900668601,0.6896752193977902
variant_147,0.6430089847230676,0.38394005993516167,0.469293465747747,0.3541418452424665,0.4491729501079405
variant_148,0.5603061199201278,0.5326129983135033,0.755207294049026,0.5120569558552477,0.6355169795906841
variant_149,0.7245485350208014,0.16240778737567219,0.5593025219113108,0.32392524688922464,0.41985778849065375
variant_14,0.6247982763643023,0.2550613493801208,0.4180417197501112,0.24654632510420083,0.3373455960682267
variant_150,0.7283378403223111,0.29283512742256335,0.42933890005986264,0.23973490964807453,0.3906387417993305
variant_151,0.7160181835619,0.25486128697119703,0.42731277533039647,0.18979833189677686,0.35326159546620745
variant_152,0.690726125128748,0.21041288572578232,0.6309383106417594,0.382029312170741,0.472465003962299
variant_153,0.6796510486428105,0.16001003125804658,0.25437075012663257,0.12703600376532487,0.21914234269269584
variant_154,0.6325779634787523,0.21431383666624626,0.45437382001258664,0.2717837580556237,0.34780022096234314
variant_155,0.6993554684627554,0.2691877473579982,0.5443214784570753,0.3238113782417815,0.4441622367622184
variant_156,0.6263346692656597,0.2868981061161193,0.2291362875869165,0.216246913189182,0.26941955874889945
variant_157,0.690656429745836,0.357811628116961,0.41745844141890087,0.2454697488011055,0.3983693914908127
variant_158,0.8665955614430985,0.3154167544347839,0.5771999570215964,0.34247548472718536,0.5410305006329359
variant_159,0.703144567809872,0.5638222426835,0.5563861302552615,0.44094080967958016,0.6004669749578231
variant_15,0.9375030036843413,0.36861402061987647,0.5125328094061303,0.3508914129427354,0.5658326133280982
variant_160,0.7981098418871468,0.40495720113639777,0.5037529355784427,0.3166997636242148,0.5124581758352444
variant_161,0.6391006010714761,0.3794606428653129,0.5398547943943881,0.40129381697902655,0.4891340987824056
variant_162,0.6883967145643055,0.22033646634615955,0.3272037943790389,0.1598198225336418,0.28299543904260466
variant_164,0.9480382574399115,0.492145994109741,0.5736849376045683,0.38685320214423013,0.6503349857891301
variant_165,0.5661385134665551,0.21381261203491775,0.5299083639042808,0.3299809885941394,0.3722140043611331
variant_166,0.6418301471518575,0.16114256884202582,0.19581267555910298,0.1300897538558381,0.1854436563056272
variant_167,0.88690830718852,0.6763682641999385,0.8793227831586052,0.6553347694240115,0.9051829562362046
variant_168,0.8729279877572012,0.670304745486419,0.6943928533054997,0.632012400088672,0.8217351246323543
variant_169,0.649046693493581,0.1263888367371102,0.2558289459546579,0.1804300477207974,0.21571616827673762
variant_16,0.707078982764294,0.14473196431212187,0.30815515203610255,0.09808231222917607,0.2326596498357728
variant_170,0.6456313387083981,0.39762160519031475,0.3794072050223338,0.2850546313303264,0.3970237247999931
variant_171,0.6383962403592989,0.33471481645708145,0.46065173678797855,0.254206579568538,0.3898062947370888
variant_174,0.7291645602774537,0.27381728374391656,0.6106617139173274,0.40040357118992764,0.5089957036627037
variant_175,0.8589134047187414,0.6170528326909874,0.8188920781592963,0.5965474922578373,0.8296917966031834
variant_176,0.7015270002065535,0.2196862527975103,0.2650846521051746,0.12811258006842152,0.2532613687314421
variant_177,0.612463800491696,0.37226444931353697,0.4033216166019433,0.28603804237642416,0.38473227939760996
variant_178,0.8167560924200288,0.6909301972701556,0.832000491181752,0.6294141245879312,0.8580912583700668
variant_179,0.6889316517054169,0.2978468389434674,0.5000076747148845,0.33742385745881265,0.43960559017137285
variant_17,0.5811137490619203,0.25838754235847894,0.2429968226680379,0.16405366587947157,0.22845734939347195
variant_180,0.4497681499475519,0.1596207896569659,0.5873766289582343,0.2786676353783055,0.31211911760410854
variant_181,0.6148063723214108,0.46335707735799225,0.44468832982854734,0.30682424638235384,0.44160354821336795
variant_182,0.6225658062533199,0.3163018476810784,0.40657569571290475,0.2598482534645701,0.3595855441189472
variant_183,0.8864652291528046,0.4022103768106948,0.7100953199588633,0.4077739781880467,0.6524632568773714
variant_184,0.5387305378656961,0.14414244236155938,0.44232451764416947,0.17731418745895233,0.2489120658586808
variant_185,0.8318732843954209,0.19798737691030155,0.6879153939431144,0.36988677367524536,0.5359040455719792
variant_186,0.6914685360617341,0.19549666052173897,0.43825691875546813,0.20677511206098265,0.33279465403484937
variant_188,0.6933954964896785,0.3265894505827944,0.4095841839475658,0.23270610859228436,0.38041445939718793
variant_189,0.7572411390807119,0.17622839452221228,0.3785783358148245,0.18458107750484976,0.3198666809737856
variant_18,0.6943744825453848,0.24854671726267163,0.6241692121137694,0.3636032946754453,0.4785279855127175
variant_190,0.8616248725486315,0.5202779545116378,0.7117070100845755,0.5865270512828671,0.7524678303325221
variant_191,0.7528179208477468,0.3882266442475135,0.5149273204500453,0.3440075356200536,0.5038536117338464
variant_192,0.6332053691462391,0.3096255607250331,0.46966185206219624,0.26601786381692705,0.3863488981189966
variant_193,0.48496274853273036,0.21152986464903023,0.34947581697339913,0.3091016193312113,0.26812343567288127
variant_194,0.7011210871267579,0.36368076312010444,0.3683863144484185,0.24166032495938072,0.3850102903407245
variant_195,0.8357404344667714,0.24236325928216473,0.5286036623739427,0.26534500362749336,0.45709313648783395
variant_196,0.8200289312328906,0.4939364627781426,0.5761715452270946,0.39494822780789374,0.6080667471352885
variant_198,0.9429098773815383,0.3617833838779383,0.7246005310902697,0.40654212645661936,0.6631698403982556
variant_199,0.6695112321651422,0.21427020782726913,0.36628344257010825,0.12064900781330401,0.2738416428025739
variant_1,0.6323898810522621,0.7046302936640547,0.4157393052848093,0.487647658521591,0.591735833068346
variant_200,0.596506478236627,0.669649641249281,0.6127031880765625,0.6365360909007203,0.6922507794734556
variant_201,0.9209515443608751,0.8533246570605453,0.8382016608083003,0.7448562297045309,1.0
variant_202,0.839579517858752,0.3607738066587469,0.708637124130838,0.44617876746195106,0.6336841841745013
variant_203,0.37907180730807255,0.24981681629682662,0.36591505625566034,0.3038533098536176,0.24750308016833078
variant_204,0.6425665467049484,0.07855160222719171,0.42780395708299457,0.20283111618137184,0.26691105403394183
variant_205,0.6837159948286811,0.29448025425683255,0.41157960981749486,0.21802740476738025,0.3605036175904535
variant_206,0.700259104440832,0.6275183548500234,0.910957957911863,0.6181618318815341,0.8170780728999174
variant_207,0.8578719523680718,0.47528694634191204,0.7735038143332975,0.5184957102833794,0.7323718543288062
variant_208,0.7249175664661252,0.3942677581544718,0.44065142979938265,0.29189710187211926,0.44966622565686803
variant_209,0.5900391106102134,0.42774351579400616,0.31710386959124515,0.3457776755030286,0.387136064542752
variant_20,0.5751328550436909,0.20430257468220425,0.2783465594253176,0.16402261079380542,0.21941164877259134
variant_210,0.7571205722372412,0.3446290210298173,0.42811094567836827,0.2641856137626202,0.42857995660945486
variant_211,0.9782440517744391,0.25969939744607373,0.454742206327035,0.3169275009191015,0.5073749780194463
variant_212,0.6520306152491955,0.42494582570251005,0.4705367695590108,0.3030769327119627,0.44924817050825755
variant_213,0.6451873924488183,0.3271834020690889,0.7148382937573867,0.378012854424576,0.5277013518402609
variant_214,0.6799406346704231,0.1996180088628723,0.3545257793672967,0.16135187342650958,0.2828782878932989
variant_215,0.6630011816824464,0.0880336416397256,0.3351394495694482,0.14470634750940992,0.2227291566178542
variant_216,0.4549433556582869,0.15845055332044922,0.12896590891648385,0.1293858385807365,0.09145652825566936
variant_217,0.718790326633254,0.4389850853042496,0.5750970851432871,0.38650124450667844,0.5474951610890832
variant_218,0.7380008830470359,0.5170983126129087,0.6186280679672747,0.5310626682829795,0.6518217715401979
variant_219,0.6826119719069581,0.2099327392856889,0.435140984512425,0.2811727456220474,0.36088931087654913
variant_21,0.8504217609057747,0.2579386153289178,0.7135949899461229,0.40692513917983586,0.5875225662373651
variant_220,0.9091736405608586,0.29213869176908425,0.42533269889023595,0.28948515688537535,0.4732046626880208
variant_221,0.5424855950750853,0.3908035109459167,0.369230533085696,0.271545669065516,0.3481715682533251
variant_222,0.8430868571922545,0.3811068956479282,0.4877127814701683,0.3041328056246142,0.5097239055229223
variant_223,0.43692636180755073,0.05962039246509576,0.11275691108075314,0.012235703752494054,0.0
variant_224,0.7113962846873889,0.4231590574880162,0.4878816251976241,0.3390697769991231,0.4897909057595354
variant_225,0.7777745277946622,0.2744667966480332,0.46542540944603905,0.2762660420867835,0.4285385146359095
variant_226,0.7090292653910666,0.17461440582821552,0.3099510353190378,0.15584477156836485,0.26606532388082943
variant_227,0.5310732544255075,0.19708233429234312,0.25100922500729084,0.17852533579993457,0.19597624629705085
variant_228,0.7783527872133433,0.5469798979687219,0.6922285837081148,0.5258454138910533,0.7024895901869594
variant_229,0.49290178725029676,0.2555402274493854,0.3530061858201967,0.20861771381051186,0.25167332164186457
variant_22,0.9362069492584837,0.4692853129016683,0.8395524106279448,0.5614241903693316,0.7986452623143743
variant_230,0.7604612667622845,0.29498599398638525,0.6553132051144295,0.36282691753378904,0.5307591253739308
variant_231,0.6997995192952331,0.3026882790316776,0.4060538151007691,0.27555177511646,0.3883895273910542
variant_232,0.48480205942595944,0.396782806939024,0.39873213710110633,0.31875975097340836,0.3573138646612319
variant_234,0.720290458218301,0.6413610183556671,0.8685781823205261,0.6383579892598057,0.8213512001826404
variant_235,0.7483263916657776,0.46158535448764226,0.8379100216426956,0.5310833716734242,0.7154651458425414
variant_236,0.0,0.342558478515798,0.0,0.29423658499230854,0.005576330078757158
variant_237,0.7657546026727005,0.5897027812504643,0.6376460114506743,0.4923887349333014,0.6813204023122863
variant_238,0.6883937747849131,0.31278155819268605,0.5572456983223071,0.32111993748404233,0.4598304065655518
variant_239,0.5415402903868625,0.22319872393121187,0.357257977866122,0.2283894516846785,0.26641146306820646
variant_23,0.7331629374940505,0.2366253358721302,0.3737586148674579,0.22374154052996653,0.3456944527913863
variant_240,0.614828016513485,0.22680883588231993,0.4474512271869102,0.24809907938751286,0.33469170118060115
variant_241,0.877201220459213,0.017896093449024875,0.44108121383290566,0.14942672053067652,0.31583724902891314
variant_242,0.7589290297308295,0.2180733457036066,0.5096471166096181,0.2806758642513887,0.41881285084320824
variant_243,0.9016601036782674,0.49545961334286837,0.5366928118620389,0.34169910758553046,0.604567387151357
variant_244,0.7935916893323167,0.5499430130650822,0.6025111667101566,0.4213864574050774,0.6381666514809909
variant_245,0.6723248237531081,0.3941114504682641,0.6234017406253356,0.3834474944161652,0.5306487829818294
variant_246,0.4806045423563532,0.37346468076549577,0.258054613271117,0.22008739211657335,0.2597679765493987
variant_247,0.7595404687862128,0.39246396539492245,0.7490675221415519,0.4688800350839655,0.6390876507332357
variant_248,0.6663217491892723,0.22034818569277093,0.4905984742666809,0.24447598605978582,0.36559944273471295
variant_249,0.705695523532377,0.3069259626493128,0.36462570415509044,0.23477644763670025,0.36204626780023547
variant_24,0.5303874159095798,0.17909708046312645,0.15521343382093367,0.11674641871458169,0.13155408803122692
variant_250,0.696125160089025,0.376145091906249,0.5023254386099554,0.36408982435088255,0.48144918727254055
variant_252,0.48072840564719854,0.0,0.22532962900428277,0.03849795453090277,0.04496558862768463
variant_253,0.770308038590052,0.23507759277602247,0.43297671491504097,0.19368021760505494,0.3693636756984398
variant_254,0.753938491287407,0.11643203191732532,0.4589939983729603,0.2579745966293734,0.35302347103831516
variant_255,0.5848539082318567,0.22700629601023792,0.3952017682543092,0.11907555013954862,0.2575478882427338
variant_256,0.816732004894746,0.7472140165470691,0.6791662189749648,0.5997565177766822,0.8119503157718946
variant_257,0.8647951626551915,0.45050211612517366,0.5918279635911521,0.40984431723246173,0.6197212738042317
variant_258,0.7376488126508676,0.4313078266956616,0.5276673471580531,0.3249811198018766,0.5117583294967136
variant_259,0.5957576560856239,0.43697960035805217,0.5032771032556136,0.3720192228909931,0.47024515499992176
variant_25,0.616920657158353,0.17765650841927005,0.35098006109073054,0.1703267931840502,0.2537999817576492
variant_260,0.6624553637230832,0.34285880073463737,0.5779213802207241,0.34292060762173504,0.4768693982440059
variant_261,0.3093530668958522,0.641906367783811,0.3734823251316213,0.5736391907313823,0.4667168814905566
variant_262,0.7354964881326111,0.49835107891169983,0.45016807625596744,0.3909214183665055,0.5312524658496007
variant_263,0.61337488512644,0.20890554336285128,0.3581789436522431,0.18154803080478166,0.27065920833230545
variant_264,0.6041715068941613,0.5468099208438577,0.6866106924127768,0.5090446125456229,0.630565352435164
variant_265,0.8111355646599847,0.36998604757008735,0.49953184239205495,0.3029837674549629,0.49788013757224187
variant_266,0.7002181248682859,0.2471505413463735,0.3220310365469925,0.18600961144549588,0.30479989530763146
variant_267,0.6821580182774483,0.17329668673614407,0.2518687930743373,0.1296860377421769,0.22496942536972175
variant_268,0.8299098918936849,0.1600665018272842,0.38210870466162206,0.12923056315240578,0.3215797899922698
variant_269,0.5706125274878886,0.12445496576878767,0.3779336597645395,0.1650888354016793,0.2253643572641994
variant_26,0.6805090505467817,0.40405669332592,0.36388893152619417,0.30901880576943475,0.41521174910669806
variant_270,0.6740411624989875,0.237986399440004,0.6455509677815465,0.3535207435291423,0.47136574004740955
variant_272,0.618794058148481,0.7794464046269045,0.7831893045173364,0.6853132787871457,0.820676952930447
variant_273,0.30332740826474947,0.3457755767602624,0.41056654745276244,0.37653256200781904,0.2977791859096334
variant_274,0.5994868198489556,0.31040850938243203,0.5085573070960412,0.2741542962614796,0.39150143632695816
variant_275,0.7916857063054152,0.36926932851931404,0.562188214707823,0.32045742898982965,0.5197982500479104
variant_276,0.7038074293183314,0.227770737974474,0.5065925800856492,0.25290226597055643,0.39094075126272526
variant_277,0.5962225616943329,0.05309261225770889,0.3566746995349126,0.1645091404692436,0.20065820007239832
variant_278,0.5492544260532526,0.5043296636318733,0.34855485118727847,0.4001758338950423,0.4316023405589536
variant_279,0.8449449573555725,0.34374951585843405,0.5856267939646038,0.34039479398754935,0.5457926647787992
variant_27,0.8288116098391143,0.5426618957760763,0.7927213004036897,0.5520352028029074,0.7656607501422223
variant_280,0.691201615342294,0.2822303580284995,0.44528695758952574,0.2455008038867712,0.3811252200469332
variant_281,0.6505453314566765,0.17771018385365878,0.2566271163026297,0.1317874318722585,0.21753484989694816
variant_282,0.732696864530574,0.47102722324700075,0.6644461158267965,0.4480110175162588,0.6194331167737459
variant_283,0.7217409659206879,0.35380303250842715,0.4454097530276746,0.26162874504276656,0.4243897093979831
variant_284,0.8700955789467173,0.45818414926417894,0.5505840458026987,0.40620052051429045,0.6080591177185191
variant_285,0.5816209969093933,0.5024875934779729,0.4144653026140075,0.34452512038115746,0.4465099790139763
variant_286,0.8071215156850542,0.38304347736142397,0.5874073278177714,0.3160269034347798,0.538073943527192
variant_287,0.6529727069613784,0.38402434067378266,0.6444304594084329,0.38038339263043186,0.5264545320414722
variant_288,0.6643437622166957,0.25063537843599804,0.32315154492010656,0.21422833262087737,0.3036849373804092
variant_289,0.7658159670495266,0.5266181458544512,0.4360772997283151,0.3709840533687858,0.5402291643311687
variant_28,0.7339590023271398,0.20028463676535502,0.3630293634591477,0.19539859901192003,0.3184201742874417
variant_290,0.955224899488897,0.42185911558389755,0.63337886997498,0.4058589145719629,0.6560369517265303
variant_291,0.8395724518009899,0.6749417558844542,0.5789344425854575,0.5156800491829743,0.7265125975143136
variant_292,0.49726696533004144,0.21859616943446802,0.21392500268615056,0.15029626292933163,0.16760944359160046
variant_293,0.25871878359370726,0.7059440319830923,0.5605151268630371,0.5773554493161082,0.5413396006257913
variant_294,0.9152073603650877,0.2814010885156044,0.4300756726887598,0.25110107100191525,0.459188627342158
variant_295,0.7560787860638456,0.7029143506752344,0.682988226987367,0.5437849017109131,0.7545255055530622
variant_296,0.3729871777707743,0.18577755957761433,0.3848869514497535,0.2961205935227271,0.22597927690123815
variant_297,0.667754693140445,0.17819062639488692,0.2608328600592493,0.1661550600095536,0.23810041925397385
variant_298,0.666807066309552,0.23370735377638674,0.3847948548711422,0.2323023924786236,0.32753637941205643
variant_299,0.5223288623558133,0.24542546037337587,0.3639349798154998,0.23321334165816632,0.27171748994692385
variant_29,0.8470914684906887,0.353490645320516,0.6002394511043914,0.2919178052625635,0.5377596457790113
variant_2,0.5962223435490301,0.20299584249217695,0.24140048197209474,0.1411764194386822,0.20478719169648768
variant_300,0.9868344941784244,0.6051301320566207,0.7369414726242915,0.49027698910799833,0.8032926229894333
variant_301,0.7576999617839135,0.20628817955058665,0.3758921856053048,0.1969824083808973,0.33457311638810244
variant_302,0.8787906853233096,0.46203261907808013,0.6103086770326476,0.4400505638904817,0.646847938353031
variant_303,0.48010223786834416,0.1954831335785645,0.39882423367971853,0.14415770766264036,0.21822834100145716
variant_304,0.9392134662469545,0.4783593628273479,0.7580315891264631,0.5161148203823016,0.7567014630896542
variant_305,0.8328122525638193,0.28339067835193,0.711461419208276,0.38649089281145654,0.5821401220421565
variant_30,0.6041295032357539,0.27510901718393477,0.37569264301831184,0.2290726635693363,0.31525189032084905
variant_31,0.5421856052572878,0.325166457765679,0.595926261339391,0.3861389351739053,0.4488194527844352
variant_32,0.8087995994935326,0.2430384244064161,0.5682819383259909,0.27466152932736154,0.4654011910407833
variant_33,0.7883394785262254,0.1690303109307898,0.3745567852154297,0.21989070990735415,0.3400393705387926
variant_34,0.8575822098488999,0.42836169958490267,0.8624998081321271,0.529706596208888,0.7517416886244774
variant_35,0.6877109136564741,0.14207563236669785,0.5109978664292614,0.2845681016548891,0.3669182985935628
variant_36,0.715976198318252,0.25343959961966966,0.6142688299129682,0.31433957711358174,0.4665864822412203
variant_37,0.7781604919899792,0.5206100330576042,0.5317963437658286,0.42022706754020556,0.5955324621590559
variant_38,0.47254478520505216,0.19587619932980616,0.29739520176825485,0.1648403947163497,0.18609481466768324
variant_39,0.5311059262396327,0.19736446691802634,0.35257640178667327,0.1608860471415161,0.22676901443050185
variant_3,0.7495726252446104,0.583386132906627,0.8529217639564681,0.5952431786598562,0.7893809844873945
variant_40,0.6355313949347874,0.3443463629578414,0.3093831064175969,0.22231300658931996,0.32532941684802424
variant_41,0.5768892895109801,0.2756585197121346,0.31019662619533683,0.22186788369477028,0.27892185902692185
variant_42,0.6294396700967297,0.3250787413171068,0.5667776942086604,0.3962318380154306,0.4737155765810516
variant_43,0.6785119448493759,0.0699498542831023,0.21518365592718247,0.09224395612392478,0.15876558224684556
variant_44,0.628808613475698,0.2216030105583311,0.27125512287218534,0.141838927932894,0.2346544133506947
variant_45,0.7527696693956472,0.45996247194630335,0.7157746089732759,0.4938586756548369,0.6582460452304748
variant_46,0.49392716442950046,0.2522084080628364,0.3860688575419422,0.27557247850690514,0.2873890840108249
variant_47,0.6118251176718417,0.08241805855106321,0.37231576846920156,0.13138371575859775,0.21068952525389223
variant_48,0.7861272507546033,0.20143398482025532,0.6937328278254458,0.38018671042121177,0.526333862954075
variant_49,0.8021752076564184,0.27418700030385246,0.6169549801224887,0.3115756744892866,0.5056495949506015
variant_4,0.7396223480186706,0.32472678279308553,0.46889438057376154,0.28847069075361187,0.43869330656228994
variant_50,0.9352434770438762,0.3856391060048683,0.6832798661529722,0.45605428470381204,0.6720816256633273
variant_51,0.5569178964713615,0.24592616388227917,0.36764954181952136,0.21704399372128247,0.27999111936170257
variant_52,0.7916123908114301,0.6716926499201037,0.8259835147124281,0.6361841332631699,0.8421440762263599
variant_53,0.6699947075950519,0.3160374372910262,0.6736404242582386,0.4003518127138177,0.5258015160088787
variant_54,0.627278171944269,0.43189823011708484,0.5006523507651686,0.3541211418520227,0.47240771202179715
variant_55,0.5302723013176305,0.21610087105300835,0.3879875362630276,0.21416622244954509,0.26573176558573564
variant_56,0.5309742103471962,0.16001836364469213,0.15450736005157406,0.10543201583685136,0.12040105861227873
variant_57,0.6098203342945467,0.26873254899450316,0.5877296658429136,0.3168757424429911,0.4246001766054069
variant_58,0.5984845102940284,0.4250293214628851,0.6109840519424701,0.4721925775550302,0.5428591113784738
variant_59,0.5844508937626287,0.24542232688415844,0.35728867672566,0.1693951406140637,0.2686669664018983
variant_5,0.643709704439182,0.4832579109477866,0.5636003622465422,0.46080571281074567,0.5591919264164555
variant_60,0.9337088361685772,0.2476060779766378,0.5141751983913796,0.28795310599250845,0.4978092245222356
variant_61,0.7686206946197132,0.36452442909008553,0.7701269397841868,0.42663476688267066,0.6244501632434591
variant_62,0.9662042708068626,0.36490844489668817,0.4785031236089581,0.3325275056187702,0.5558180089818043
variant_63,1.0,0.5247154170874815,1.0,0.6003258610138955,0.9150912852142932
variant_64,0.6821516622187289,0.12800344114578444,0.20971925892953047,0.11927223234876738,0.18919812265804703
variant_65,0.7453575422459622,0.4886730217869566,0.5574452409093,0.3831887020356137,0.5677052905001092
variant_66,0.8726503092718048,0.33517424046528355,0.6971711000936311,0.4260654236454555,0.6248720673760637
variant_67,0.540704748282316,0.29406797750099933,0.4032755683126372,0.18940496747833757,0.2945812731282759
variant_68,0.7758265723976905,0.5168823265716576,0.812644860243442,0.5720346779719598,0.7514632040643201
variant_69,0.8477728979712822,0.8133984173064466,0.8158068427757907,0.687569948345558,0.9295319989009023
variant_6,0.8202875225763506,0.20514783825029426,0.4919645735160936,0.19165128534152842,0.39751222615637855
variant_70,0.7040214154651707,0.21753476954327589,0.3867749313113018,0.200926404260509,0.32448273405418754
variant_71,0.6333353466165192,0.5166124800042144,0.6024958172803876,0.4612301323148511,0.5819641341599182
variant_72,0.7676873474995247,0.18175904983446323,0.5282352760594944,0.305675208212703,0.42467276612741073
variant_73,0.7107031782459785,0.5786743651479416,0.9161153663141408,0.5873241318149671,0.7936551870282114
variant_74,0.3041254074050741,0.2578997226870712,0.3398056762191288,0.31188622534594934,0.2164554444125531
variant_75,0.8234293470973668,0.40257176767783065,0.6794271592810324,0.46539151379412536,0.6394048515950042
variant_76,0.7925851946737339,0.38825070189892585,0.46478073339575454,0.312631547401939,0.4885998196833001
variant_77,0.7956796394504124,0.1980242159938186,0.4841210149042956,0.253668291416989,0.4057153058297129
variant_78,0.562407273649228,0.3273959180211232,0.5900013814486793,0.39999985507626645,0.459926707435332
variant_79,0.6544889355420267,0.18059059796898502,0.29430996638474927,0.1588778182684334,0.24370540066288837
variant_7,0.7338660123055902,0.4518783713820582,0.6429722635804072,0.503889468325029,0.6254368181243626
variant_80,0.6846785700968354,0.41425517584749905,0.6786596877925981,0.44616841576672917,0.5856515721111326
variant_81,0.7576263640658212,0.24658903191353687,0.4335446438164823,0.1994875186246401,0.3712662287265884
variant_82,0.5089349230149196,0.14305232099615495,0.15553577184607592,0.08365204908960111,0.09855845308528827
variant_83,0.8992613365722519,0.35648539207445396,0.735867012540484,0.46800014099008846,0.6718612685863801
variant_84,0.7072570503095008,0.3917518500026276,0.5592257747624672,0.32921496314770593,0.49927366908007015
variant_85,0.5128737227979485,0.2917125637044098,0.31295952355370016,0.21832760392881978,0.2611065950666363
variant_86,0.5525112597643727,0.23826997994645893,0.2683387312161356,0.1417664660663398,0.21176554770471395
variant_87,0.6427001536798329,0.18619125824180038,0.2725444749727548,0.13750156763484522,0.22567412688955418
variant_88,0.44069876468361713,0.161451600492855,0.10277978173110869,0.14222194065611227,0.08246697625929816
variant_89,0.631428561347839,0.5199745827966353,0.6935946829575279,0.5225121680295453,0.6381950412641375
variant_8,0.641841133340435,0.13329766507754215,0.2904112112235029,0.12238809261061334,0.20703261411391177
variant_90,0.7420435166304955,0.1037801598071546,0.23912876636632996,0.08362099400393586,0.19995435444676923
variant_91,0.5938853567138125,0.1695040164984256,0.2339560085342831,0.09585669775643035,0.17240427670298186
variant_92,0.5988982977904271,0.13661034849579856,0.44431994351409854,0.2659039951694848,0.30126281368502544
variant_93,0.6931144899971571,0.7130284627372898,0.6051973169196758,0.597292814313827,0.7263314379112957
variant_94,0.6073991691479179,0.1344880251566618,0.14670984972908307,0.03698660702848011,0.11113563434390933
variant_95,0.9116881278486275,0.42575796174143576,0.6920290411211223,0.5672728981698043,0.7219871590851883
variant_96,0.2543266891221947,0.16896932861389757,0.11901947842637695,0.14309148305476604,0.02334517629499372
variant_97,0.7303866615267651,0.2850309930816728,0.46556355431395735,0.2200563370309072,0.394583032067328
variant_98,0.6948058207603651,0.21416192487620833,0.3972125435540068,0.16120694969340033,0.3091781202442047
variant_99,0.771438240960947,0.3888031376459846,0.48828071037161,0.37220555340499084,0.5114375949344292
variant_9,0.879981816944877,0.792008154372505,0.7936883144791174,0.7202295467712103,0.9373395021431594
benchmark,0.28768965265413726,1.0,0.7361903099049862,1.0,0.8781143458634966
